--
-- PostgreSQL database dump
--

-- Dumped from database version 15.1
-- Dumped by pg_dump version 15.1

-- Started on 2022-12-14 17:17:46

SET statement_timeout = 0;
SET lock_timeout = 0;
SET idle_in_transaction_session_timeout = 0;
SET client_encoding = 'UTF8';
SET standard_conforming_strings = on;
SELECT pg_catalog.set_config('search_path', '', false);
SET check_function_bodies = false;
SET xmloption = content;
SET client_min_messages = warning;
SET row_security = off;

SET default_tablespace = '';

SET default_table_access_method = heap;

--
-- TOC entry 215 (class 1259 OID 16705)
-- Name: category; Type: TABLE; Schema: public; Owner: postgres
--

CREATE TABLE public.category (
    id integer NOT NULL,
    name character varying(255)
);


ALTER TABLE public.category OWNER TO postgres;

--
-- TOC entry 214 (class 1259 OID 16704)
-- Name: category_id_seq; Type: SEQUENCE; Schema: public; Owner: postgres
--

ALTER TABLE public.category ALTER COLUMN id ADD GENERATED BY DEFAULT AS IDENTITY (
    SEQUENCE NAME public.category_id_seq
    START WITH 1
    INCREMENT BY 1
    NO MINVALUE
    NO MAXVALUE
    CACHE 1
);


--
-- TOC entry 217 (class 1259 OID 16711)
-- Name: image; Type: TABLE; Schema: public; Owner: postgres
--

CREATE TABLE public.image (
    id integer NOT NULL,
    file_name character varying(255),
    product_id integer NOT NULL
);


ALTER TABLE public.image OWNER TO postgres;

--
-- TOC entry 216 (class 1259 OID 16710)
-- Name: image_id_seq; Type: SEQUENCE; Schema: public; Owner: postgres
--

ALTER TABLE public.image ALTER COLUMN id ADD GENERATED BY DEFAULT AS IDENTITY (
    SEQUENCE NAME public.image_id_seq
    START WITH 1
    INCREMENT BY 1
    NO MINVALUE
    NO MAXVALUE
    CACHE 1
);


--
-- TOC entry 219 (class 1259 OID 16717)
-- Name: orders; Type: TABLE; Schema: public; Owner: postgres
--

CREATE TABLE public.orders (
    id integer NOT NULL,
    count integer NOT NULL,
    date_time timestamp without time zone,
    number character varying(255),
    price real NOT NULL,
    status integer,
    person_id integer NOT NULL,
    product_id integer NOT NULL
);


ALTER TABLE public.orders OWNER TO postgres;

--
-- TOC entry 218 (class 1259 OID 16716)
-- Name: orders_id_seq; Type: SEQUENCE; Schema: public; Owner: postgres
--

ALTER TABLE public.orders ALTER COLUMN id ADD GENERATED BY DEFAULT AS IDENTITY (
    SEQUENCE NAME public.orders_id_seq
    START WITH 1
    INCREMENT BY 1
    NO MINVALUE
    NO MAXVALUE
    CACHE 1
);


--
-- TOC entry 221 (class 1259 OID 16723)
-- Name: person; Type: TABLE; Schema: public; Owner: postgres
--

CREATE TABLE public.person (
    id integer NOT NULL,
    birthday text NOT NULL,
    date_time_of_created timestamp without time zone,
    email text NOT NULL,
    firstname text NOT NULL,
    lastname text NOT NULL,
    login character varying(50),
    password character varying(255),
    patronymic text,
    phone_number text NOT NULL,
    role character varying(255)
);


ALTER TABLE public.person OWNER TO postgres;

--
-- TOC entry 220 (class 1259 OID 16722)
-- Name: person_id_seq; Type: SEQUENCE; Schema: public; Owner: postgres
--

ALTER TABLE public.person ALTER COLUMN id ADD GENERATED BY DEFAULT AS IDENTITY (
    SEQUENCE NAME public.person_id_seq
    START WITH 1
    INCREMENT BY 1
    NO MINVALUE
    NO MAXVALUE
    CACHE 1
);


--
-- TOC entry 223 (class 1259 OID 16731)
-- Name: product; Type: TABLE; Schema: public; Owner: postgres
--

CREATE TABLE public.product (
    id integer NOT NULL,
    date_time_of_created timestamp without time zone,
    description text NOT NULL,
    price real NOT NULL,
    seller character varying(255) NOT NULL,
    title text NOT NULL,
    warehouse character varying(255) NOT NULL,
    category_id integer NOT NULL,
    CONSTRAINT product_price_check CHECK ((price >= (1)::double precision))
);


ALTER TABLE public.product OWNER TO postgres;

--
-- TOC entry 225 (class 1259 OID 16740)
-- Name: product_cart; Type: TABLE; Schema: public; Owner: postgres
--

CREATE TABLE public.product_cart (
    id integer NOT NULL,
    person_id integer,
    product_id integer
);


ALTER TABLE public.product_cart OWNER TO postgres;

--
-- TOC entry 224 (class 1259 OID 16739)
-- Name: product_cart_id_seq; Type: SEQUENCE; Schema: public; Owner: postgres
--

ALTER TABLE public.product_cart ALTER COLUMN id ADD GENERATED BY DEFAULT AS IDENTITY (
    SEQUENCE NAME public.product_cart_id_seq
    START WITH 1
    INCREMENT BY 1
    NO MINVALUE
    NO MAXVALUE
    CACHE 1
);


--
-- TOC entry 222 (class 1259 OID 16730)
-- Name: product_id_seq; Type: SEQUENCE; Schema: public; Owner: postgres
--

ALTER TABLE public.product ALTER COLUMN id ADD GENERATED BY DEFAULT AS IDENTITY (
    SEQUENCE NAME public.product_id_seq
    START WITH 1
    INCREMENT BY 1
    NO MINVALUE
    NO MAXVALUE
    CACHE 1
);


--
-- TOC entry 3366 (class 0 OID 16705)
-- Dependencies: 215
-- Data for Name: category; Type: TABLE DATA; Schema: public; Owner: postgres
--

INSERT INTO public.category (id, name) VALUES (1, 'Мебель');
INSERT INTO public.category (id, name) VALUES (2, 'Бытовая техника');
INSERT INTO public.category (id, name) VALUES (3, 'Одежда');


--
-- TOC entry 3368 (class 0 OID 16711)
-- Dependencies: 217
-- Data for Name: image; Type: TABLE DATA; Schema: public; Owner: postgres
--

INSERT INTO public.image (id, file_name, product_id) VALUES (1, 'e0309779-e129-42aa-b86b-2209f9ac8bdc.1.jpg', 1);
INSERT INTO public.image (id, file_name, product_id) VALUES (2, 'b8aa94d7-7655-4197-847f-49bd3f8d0476.3.jpg', 1);
INSERT INTO public.image (id, file_name, product_id) VALUES (3, '53d18ebd-e43a-4d1c-97bd-4b68f0c4d819.5.jpg', 1);
INSERT INTO public.image (id, file_name, product_id) VALUES (4, 'bd6edd44-71c5-468e-80bd-8c83b89a6b5f.2.jpg', 1);
INSERT INTO public.image (id, file_name, product_id) VALUES (5, '38a11a12-0d61-4746-8d2c-5610cdf28a32.4.jpg', 1);
INSERT INTO public.image (id, file_name, product_id) VALUES (11, 'aecb3ee3-377c-4eb1-9f7e-4779458c92f3.1.jpg', 3);
INSERT INTO public.image (id, file_name, product_id) VALUES (12, '64e011cf-0514-4a77-81bb-4a5a326e8fd4.3.jpg', 3);
INSERT INTO public.image (id, file_name, product_id) VALUES (13, '3130f607-8509-40aa-9f48-20f96ff18868.5.jpg', 3);
INSERT INTO public.image (id, file_name, product_id) VALUES (14, '5cf50c11-919c-48af-bafa-268120016cd5.2.jpg', 3);
INSERT INTO public.image (id, file_name, product_id) VALUES (15, 'f78f88c1-eb9e-4b91-b41b-461a7b808d94.4.jpg', 3);
INSERT INTO public.image (id, file_name, product_id) VALUES (16, '25711de5-cfb9-4cd1-a5af-97f8b071a11f.1.jpg', 4);
INSERT INTO public.image (id, file_name, product_id) VALUES (17, '253e89c3-3281-4000-aa8d-7ec09b1d78d2.3.jpg', 4);
INSERT INTO public.image (id, file_name, product_id) VALUES (18, 'e8df35ae-952c-45c7-bdb1-1df7277ba697.5.jpg', 4);
INSERT INTO public.image (id, file_name, product_id) VALUES (19, '362caf6a-f44d-44bb-8e51-bd24c0dd2c85.2.jpg', 4);
INSERT INTO public.image (id, file_name, product_id) VALUES (20, '1067a0c5-b449-42ab-9ea0-274147a5b154.4.jpg', 4);
INSERT INTO public.image (id, file_name, product_id) VALUES (21, 'd85c2b88-70eb-494b-b22f-24300a683dd7.1.jpg', 5);
INSERT INTO public.image (id, file_name, product_id) VALUES (22, 'f761a1d5-075b-4805-8d61-10aa83389ca5.3.jpg', 5);
INSERT INTO public.image (id, file_name, product_id) VALUES (23, '527f37ed-8d6b-4b5d-a31c-613e2181df45.5.jpg', 5);
INSERT INTO public.image (id, file_name, product_id) VALUES (24, '9889153b-a5a3-4b71-abd0-e659e88d2cf4.2.jpg', 5);
INSERT INTO public.image (id, file_name, product_id) VALUES (25, 'ef7c48e4-caea-45bb-a541-70795ad1d521.4.jpg', 5);
INSERT INTO public.image (id, file_name, product_id) VALUES (36, 'cd3fa3c5-79bd-429d-9a1b-c0851e623fe5.1.jpg', 8);
INSERT INTO public.image (id, file_name, product_id) VALUES (37, 'c0205c7f-f1f8-46af-8cf8-e68da148dac0.2.jpg', 8);
INSERT INTO public.image (id, file_name, product_id) VALUES (38, '89c8c12b-0e37-4141-a5e3-a490c61520b5.3.jpg', 8);
INSERT INTO public.image (id, file_name, product_id) VALUES (39, 'bfad5900-6b1c-48f2-8cdc-5daf8d0f5f87.4.jpg', 8);
INSERT INTO public.image (id, file_name, product_id) VALUES (40, 'ddc89e1d-d776-4389-ab7d-2f3596436275.5.jpg', 8);
INSERT INTO public.image (id, file_name, product_id) VALUES (41, 'ccb4e901-e156-4b0f-835b-70ea13e5efb5.1.jpg', 9);
INSERT INTO public.image (id, file_name, product_id) VALUES (42, '2f956132-abe4-4405-afc0-55595a9eb2d2.2.jpg', 9);
INSERT INTO public.image (id, file_name, product_id) VALUES (43, 'fea647ff-d25b-4069-ba82-37686cc0b253.3.jpg', 9);
INSERT INTO public.image (id, file_name, product_id) VALUES (44, '6ce4b019-a3da-4d5c-80be-e659d6ae9a12.4.jpg', 9);
INSERT INTO public.image (id, file_name, product_id) VALUES (45, '206fdf1e-6211-485d-8cdd-b254b07cb7cd.5.jpg', 9);


--
-- TOC entry 3370 (class 0 OID 16717)
-- Dependencies: 219
-- Data for Name: orders; Type: TABLE DATA; Schema: public; Owner: postgres
--

INSERT INTO public.orders (id, count, date_time, number, price, status, person_id, product_id) VALUES (1, 1, '2022-12-09 16:07:01.702114', '1f36ac0d-c8e2-422c-837f-cdddd1eb6e61', 11893, 1, 1, 1);
INSERT INTO public.orders (id, count, date_time, number, price, status, person_id, product_id) VALUES (2, 1, '2022-12-11 15:23:04.306136', '06661577-d9ec-460a-b22f-ae89e64fa104', 12000, 1, 1, 3);
INSERT INTO public.orders (id, count, date_time, number, price, status, person_id, product_id) VALUES (3, 1, '2022-12-11 15:23:04.361234', '06661577-d9ec-460a-b22f-ae89e64fa104', 3949, 1, 1, 4);


--
-- TOC entry 3372 (class 0 OID 16723)
-- Dependencies: 221
-- Data for Name: person; Type: TABLE DATA; Schema: public; Owner: postgres
--

INSERT INTO public.person (id, birthday, date_time_of_created, email, firstname, lastname, login, password, patronymic, phone_number, role) VALUES (1, '01.01.1990', '2022-12-08 01:23:42.673529', 'hgjyg@mail.ru', 'Иван', 'Иванов', 'user_one', '$2a$10$uQoJ6HUqgDN8FJFcaUsvTuGz6HUZqiFV4tz5R2qWd.9sTYxSLquWS', 'Иванович', '+79225336458', 'ROLE_USER');
INSERT INTO public.person (id, birthday, date_time_of_created, email, firstname, lastname, login, password, patronymic, phone_number, role) VALUES (3, '08.05.1985', '2022-12-08 01:26:08.189592', 'nfvjr@bk.ru', 'Дмитрий', 'Петров', 'user_two', '$2a$10$H2FghEbQaDQIXKVDoTL/LuAV/VLCb/HA6WbJysMTFeEBC2wRYvGiW', 'Владимирович', '89053248596', 'ROLE_USER');
INSERT INTO public.person (id, birthday, date_time_of_created, email, firstname, lastname, login, password, patronymic, phone_number, role) VALUES (2, '08.12.2000', '2022-12-08 01:24:30.574727', 'dfysv@list.ru', 'Василий', 'Сидоров', 'admin', '$2a$10$CEjfAPvTwinCDqfps5XzFey17ZfE7O5TcoiM4LKuWP8FDPnycXSVy', 'Петрович', '89546432145', 'ROLE_ADMIN');


--
-- TOC entry 3374 (class 0 OID 16731)
-- Dependencies: 223
-- Data for Name: product; Type: TABLE DATA; Schema: public; Owner: postgres
--

INSERT INTO public.product (id, date_time_of_created, description, price, seller, title, warehouse, category_id) VALUES (3, '2022-12-08 01:37:30.356704', 'Вы хотите эффективно заниматься трассовым катанием в любую погоду? Эта куртка со съемным пуховиком оправдает все Ваши ожидания.
ОТЛИЧНАЯ ВОДОНЕПРОНИЦАЕМОСТЬ: мембрана 12 000 мм, швы и основные молнии герметичные.
Внешняя ткань растягивается в 4 направлениях.
Водоотталкивающие свойства
Внешняя водоотталкивающая ткань не впитывает воду.
Система RECCO на капюшоне облегчает поиск лыжника в случае схода лавины.
"Дышащая" ткань, 2 молнии для вентиляции, вентиляционная полоса на спинке.
Нижняя куртка с утеплителем 90% пух/10% перо.
5 карманов: 2 для рук (+ 2 в ниж.куртке), 1 для ски-пасса, 1 внутр. 1 сетчатый.
Регулировка капюшона, низа куртки и рукавов, снегозащитная юбка.
', 12000, 'DECATHLON', 'Куртка DECATHLON', 'Новая Рига', 3);
INSERT INTO public.product (id, date_time_of_created, description, price, seller, title, warehouse, category_id) VALUES (4, '2022-12-08 01:38:52.095831', 'Верх из кожи и резиновая подметка обеспечивают прочность и уверенное сцепление для интенсивных тренировок. Мягкая амортизация обеспечивает комфорт на протяжении всей тренировки или в течение всего дня. Прочная кожа верха выдержит самые интенсивные нагрузки. Интегрированная вентиляция усиливает охлаждение. Амортизирующий пеноматериал, мягкая стелька и мягкий бортик обеспечивают комфорт там, где это необходимо, во время тренировок или любых других занятий. Прочный резиновый протектор обеспечивает уверенное сцепление на разных поверхностях. Эластичные желобки в подошве не стесняют естественных движений стопы.', 3949, 'Nike', 'Кроссовки Nike JORDAN', 'Химки', 3);
INSERT INTO public.product (id, date_time_of_created, description, price, seller, title, warehouse, category_id) VALUES (5, NULL, 'Обогреватель конвекторного типа
Максимальная потребляемая мощность 1500 Вт
2 уровня мощности обогрева 750 и 1500 Вт
Передняя панель из ударопрочного стекла
Монолитный нагревательный элемент
Площадь обогрева до 20м2
Электронное управление 
LED-дисплей
Напольная и настенная установка
Поддержание заданной температуры в диапазоне 5-35С°
Таймер на неделю
Ножки для напольного размещения 
Датчик открытого окна
Функция защиты от промерзания
Защита от опрокидывания
Защита от перегрева
Степень защиты IPX4
Электропитание 220-240В, 50-60 Гц
', 7990, 'Brayer', 'Обогреватель Brayer BR4882', 'Железнодорожный', 2);
INSERT INTO public.product (id, date_time_of_created, description, price, seller, title, warehouse, category_id) VALUES (8, '2022-12-11 17:27:20.518939', 'Максимально использовать площадь небольшой гостиной поможет современный угловой диван-кровать Торонто. Его основным преимуществом является наличие универсального угла, местоположение которого можно выбрать во время сборки. Производитель предусмотрел удобный ящик для хранения вещей или спальных принадлежностей. Надежный механизм типа дельфин позволяет легко трансформировать диван с габаритами 235х90х155 см в спальное место размером 143х204 см. Под приятной на ощупь обивкой из ткани рогожки располагаются качественные и долговечные наполнители: синтепон и пенополиуретан.
Эта модель доступна только в тех вариантах обивки, которые представлены в нашем ассортименте.
', 24500, 'Hoff', 'Угловой диван Торонто', 'Химки', 1);
INSERT INTO public.product (id, date_time_of_created, description, price, seller, title, warehouse, category_id) VALUES (9, '2022-12-11 17:28:29.355656', 'Комбинированная обувница Дженни-3 обеспечивает максимум удобства и при этом позволяет сэкономить пространство. Модель состоит из нескольких отделов. Выдвижной ящик для щеток, кремов и других средств упрощает уход за обувью. Откидывающиеся полки помогают компактно расположить кроссовки, туфли и домашние тапочки. В трех просторных отделениях без труда разместятся 27 пар обуви, которая будет надежно защищена от пыли и посягательств домашних животных. Влагостойкие и прочные материалы обеспечивают длительный срок службы обувницы.', 7499, 'Hoff', 'Обувница Дженни-3 ', 'Химки', 1);
INSERT INTO public.product (id, date_time_of_created, description, price, seller, title, warehouse, category_id) VALUES (1, NULL, 'Xiaomi Mi Robot Vacuum-Mop 2 Lite
Эксперт чистых полов.
- Гироскоп и система визуальной навигации
- Мощное всасывание 2200 Па
- 3 режима уборки, 4 уровня скорости всасывания
- Пылесборник 450 мл и резервуар для воды 270 мл
- Автоматически подзаряжается и возобновляет уборку
Гироскоп и система визуальной навигации.
Точная планировка дома или квартиры в кратчайшие сроки.
Благодаря новой системе навигации и сверхширокоугольному объективу робот-пылесос с высокой точностью фиксирует планировку дома и окружающей среды.
Оцифровка всего дома для обеспечения тщательной очистки.
Робот-пылесос тщательно анализирует домашнюю среду и создает карту по мере очистки для обеспечения тщательной и эффективной уборки.
Несколько высокоточных датчиков для работы в средах с большим количеством деталей.
Благодаря 25 высокоточным датчикам робот-пылесос получает информацию о домашней среде в режиме реального времени, легко справляясь с очисткой в средах с большим количеством деталей.
', 11893, 'Xiaomi', 'Робот-пылесос Mi Robot', 'Павло-Слободское', 2);


--
-- TOC entry 3376 (class 0 OID 16740)
-- Dependencies: 225
-- Data for Name: product_cart; Type: TABLE DATA; Schema: public; Owner: postgres
--



--
-- TOC entry 3382 (class 0 OID 0)
-- Dependencies: 214
-- Name: category_id_seq; Type: SEQUENCE SET; Schema: public; Owner: postgres
--

SELECT pg_catalog.setval('public.category_id_seq', 3, true);


--
-- TOC entry 3383 (class 0 OID 0)
-- Dependencies: 216
-- Name: image_id_seq; Type: SEQUENCE SET; Schema: public; Owner: postgres
--

SELECT pg_catalog.setval('public.image_id_seq', 45, true);


--
-- TOC entry 3384 (class 0 OID 0)
-- Dependencies: 218
-- Name: orders_id_seq; Type: SEQUENCE SET; Schema: public; Owner: postgres
--

SELECT pg_catalog.setval('public.orders_id_seq', 3, true);


--
-- TOC entry 3385 (class 0 OID 0)
-- Dependencies: 220
-- Name: person_id_seq; Type: SEQUENCE SET; Schema: public; Owner: postgres
--

SELECT pg_catalog.setval('public.person_id_seq', 3, true);


--
-- TOC entry 3386 (class 0 OID 0)
-- Dependencies: 224
-- Name: product_cart_id_seq; Type: SEQUENCE SET; Schema: public; Owner: postgres
--

SELECT pg_catalog.setval('public.product_cart_id_seq', 4, true);


--
-- TOC entry 3387 (class 0 OID 0)
-- Dependencies: 222
-- Name: product_id_seq; Type: SEQUENCE SET; Schema: public; Owner: postgres
--

SELECT pg_catalog.setval('public.product_id_seq', 9, true);


--
-- TOC entry 3200 (class 2606 OID 16709)
-- Name: category category_pkey; Type: CONSTRAINT; Schema: public; Owner: postgres
--

ALTER TABLE ONLY public.category
    ADD CONSTRAINT category_pkey PRIMARY KEY (id);


--
-- TOC entry 3202 (class 2606 OID 16715)
-- Name: image image_pkey; Type: CONSTRAINT; Schema: public; Owner: postgres
--

ALTER TABLE ONLY public.image
    ADD CONSTRAINT image_pkey PRIMARY KEY (id);


--
-- TOC entry 3204 (class 2606 OID 16721)
-- Name: orders orders_pkey; Type: CONSTRAINT; Schema: public; Owner: postgres
--

ALTER TABLE ONLY public.orders
    ADD CONSTRAINT orders_pkey PRIMARY KEY (id);


--
-- TOC entry 3206 (class 2606 OID 16729)
-- Name: person person_pkey; Type: CONSTRAINT; Schema: public; Owner: postgres
--

ALTER TABLE ONLY public.person
    ADD CONSTRAINT person_pkey PRIMARY KEY (id);


--
-- TOC entry 3216 (class 2606 OID 16744)
-- Name: product_cart product_cart_pkey; Type: CONSTRAINT; Schema: public; Owner: postgres
--

ALTER TABLE ONLY public.product_cart
    ADD CONSTRAINT product_cart_pkey PRIMARY KEY (id);


--
-- TOC entry 3212 (class 2606 OID 16738)
-- Name: product product_pkey; Type: CONSTRAINT; Schema: public; Owner: postgres
--

ALTER TABLE ONLY public.product
    ADD CONSTRAINT product_pkey PRIMARY KEY (id);


--
-- TOC entry 3208 (class 2606 OID 16748)
-- Name: person uk_2ldqhx89sy06ya51rrnndhwmc; Type: CONSTRAINT; Schema: public; Owner: postgres
--

ALTER TABLE ONLY public.person
    ADD CONSTRAINT uk_2ldqhx89sy06ya51rrnndhwmc UNIQUE (phone_number);


--
-- TOC entry 3210 (class 2606 OID 16746)
-- Name: person uk_fwmwi44u55bo4rvwsv0cln012; Type: CONSTRAINT; Schema: public; Owner: postgres
--

ALTER TABLE ONLY public.person
    ADD CONSTRAINT uk_fwmwi44u55bo4rvwsv0cln012 UNIQUE (email);


--
-- TOC entry 3214 (class 2606 OID 16750)
-- Name: product uk_qka6vxqdy1dprtqnx9trdd47c; Type: CONSTRAINT; Schema: public; Owner: postgres
--

ALTER TABLE ONLY public.product
    ADD CONSTRAINT uk_qka6vxqdy1dprtqnx9trdd47c UNIQUE (title);


--
-- TOC entry 3218 (class 2606 OID 16756)
-- Name: orders fk1b0m4muwx1t377w9if3w6wwqn; Type: FK CONSTRAINT; Schema: public; Owner: postgres
--

ALTER TABLE ONLY public.orders
    ADD CONSTRAINT fk1b0m4muwx1t377w9if3w6wwqn FOREIGN KEY (person_id) REFERENCES public.person(id);


--
-- TOC entry 3220 (class 2606 OID 16766)
-- Name: product fk1mtsbur82frn64de7balymq9s; Type: FK CONSTRAINT; Schema: public; Owner: postgres
--

ALTER TABLE ONLY public.product
    ADD CONSTRAINT fk1mtsbur82frn64de7balymq9s FOREIGN KEY (category_id) REFERENCES public.category(id);


--
-- TOC entry 3219 (class 2606 OID 16761)
-- Name: orders fk787ibr3guwp6xobrpbofnv7le; Type: FK CONSTRAINT; Schema: public; Owner: postgres
--

ALTER TABLE ONLY public.orders
    ADD CONSTRAINT fk787ibr3guwp6xobrpbofnv7le FOREIGN KEY (product_id) REFERENCES public.product(id);


--
-- TOC entry 3217 (class 2606 OID 16751)
-- Name: image fkgpextbyee3uk9u6o2381m7ft1; Type: FK CONSTRAINT; Schema: public; Owner: postgres
--

ALTER TABLE ONLY public.image
    ADD CONSTRAINT fkgpextbyee3uk9u6o2381m7ft1 FOREIGN KEY (product_id) REFERENCES public.product(id);


--
-- TOC entry 3221 (class 2606 OID 16776)
-- Name: product_cart fkhpnrxdy3jhujameyod08ilvvw; Type: FK CONSTRAINT; Schema: public; Owner: postgres
--

ALTER TABLE ONLY public.product_cart
    ADD CONSTRAINT fkhpnrxdy3jhujameyod08ilvvw FOREIGN KEY (product_id) REFERENCES public.product(id);


--
-- TOC entry 3222 (class 2606 OID 16771)
-- Name: product_cart fksgnkc1ko2i1o9yr2p63ysq3rn; Type: FK CONSTRAINT; Schema: public; Owner: postgres
--

ALTER TABLE ONLY public.product_cart
    ADD CONSTRAINT fksgnkc1ko2i1o9yr2p63ysq3rn FOREIGN KEY (person_id) REFERENCES public.person(id);


-- Completed on 2022-12-14 17:17:47

--
-- PostgreSQL database dump complete
--

